Sheet,Metric,Month,MonthParsed,Value,Property,Year,Month_Name,Is_Negative
CRES,Property Asking Rent,2025-06,2025-06-01,2898.22826,,2025.0,June,False
CRES,Loss to lease,2025-06,2025-06-01,-259.48132,,2025.0,June,True
CRES,Gross Scheduled Rent,2025-06,2025-06-01,2638.7469399999995,,2025.0,June,False
CRES,Vacancy,2025-06,2025-06-01,-255.03367000000003,,2025.0,June,True
CRES,Non Revenue Units,2025-06,2025-06-01,-23.925449999999998,,2025.0,June,True
CRES,Concessions,2025-06,2025-06-01,-33.09436,,2025.0,June,True
CRES,Delinquency,2025-06,2025-06-01,-108.89903,,2025.0,June,True
CRES,Effective Rental Income,2025-06,2025-06-01,2217.79443,,2025.0,June,False
CRES,Parking Garage Income,2025-06,2025-06-01,0.0,,2025.0,June,False
CRES,Utility Income,2025-06,2025-06-01,89.30951,,2025.0,June,False
CRES,Other - Income,2025-06,2025-06-01,177.23462000000004,,2025.0,June,False
CRES,Total Other Income,2025-06,2025-06-01,266.54413000000005,,2025.0,June,False
CRES,Net Eff. Gross Income,2025-06,2025-06-01,2484.3385599999997,,2025.0,June,False
CRES,General & Admin.,2025-06,2025-06-01,-53.92282999999999,,2025.0,June,True
CRES,Management Fee,2025-06,2025-06-01,-98.98897,,2025.0,June,True
CRES,Payroll,2025-06,2025-06-01,-308.82519,,2025.0,June,True
CRES,Insurance,2025-06,2025-06-01,-103.20540000000003,,2025.0,June,True
CRES,Property Taxes,2025-06,2025-06-01,-376.72031,,2025.0,June,True
CRES,Leasing & Marketing,2025-06,2025-06-01,-65.36495000000001,,2025.0,June,True
CRES,Professional fees,2025-06,2025-06-01,0.0,,2025.0,June,False
CRES,Landscaping,2025-06,2025-06-01,-42.586619999999996,,2025.0,June,True
CRES,Security & Life Safety,2025-06,2025-06-01,-8.87128,,2025.0,June,True
CRES,Repairs & Maintenance,2025-06,2025-06-01,-52.72763,,2025.0,June,True
CRES,Unit T/O Refurbishment,2025-06,2025-06-01,-57.89757,,2025.0,June,True
CRES,Utilities,2025-06,2025-06-01,-123.16771,,2025.0,June,True
CRES,Trash Removal,2025-06,2025-06-01,-47.61228,,2025.0,June,True
CRES,Miscellaneous,2025-06,2025-06-01,0.0,,2025.0,June,False
CRES,Other - Expense,2025-06,2025-06-01,0.0,,2025.0,June,False
CRES,Total Expense,2025-06,2025-06-01,-1339.89074,,2025.0,June,True
CRES,EBITDA (NOI),2025-06,2025-06-01,1144.4478199999996,,2025.0,June,False
CRES,Repl. Reserve Fund,2025-06,2025-06-01,-67.29137,,2025.0,June,True
CRES,State Franchise Fee,2025-06,2025-06-01,0.0,,2025.0,June,False
CRES,Partnership Professional Fees,2025-06,2025-06-01,-74.17425,,2025.0,June,True
CRES,Asset Management Fees,2025-06,2025-06-01,-37.73324,,2025.0,June,True
CRES,Debt Service,2025-06,2025-06-01,-1626.6216699999998,,2025.0,June,True
CRES,Other - Below Line,2025-06,2025-06-01,0.0,,2025.0,June,False
CRES,Total Below Line,2025-06,2025-06-01,-1805.8205300000002,,2025.0,June,True
CRES,Renovations,2025-06,2025-06-01,0.0,,2025.0,June,False
CRES,Monthly Cash Flow,2025-06,2025-06-01,-661.37271,,2025.0,June,True
Teagen - CRES,Property Asking Rent,2024-12,2024-12-01,3298.08724,Teagen,2024.0,December,False
Teagen - CRES,Loss to lease,2024-12,2024-12-01,-196.29767999999999,Teagen,2024.0,December,True
Teagen - CRES,Gross Scheduled Rent,2024-12,2024-12-01,3101.7895600000006,Teagen,2024.0,December,False
Teagen - CRES,Vacancy,2024-12,2024-12-01,-219.23665000000005,Teagen,2024.0,December,True
Teagen - CRES,Non Revenue Units,2024-12,2024-12-01,-12.101999999999999,Teagen,2024.0,December,True
Teagen - CRES,Concessions,2024-12,2024-12-01,-84.13602,Teagen,2024.0,December,True
Teagen - CRES,Delinquency,2024-12,2024-12-01,-103.52470999999998,Teagen,2024.0,December,True
Teagen - CRES,Parking Garage Income,2024-12,2024-12-01,0.0,Teagen,2024.0,December,False
Teagen - CRES,Utility Income,2024-12,2024-12-01,0.0,Teagen,2024.0,December,False
Teagen - CRES,Other,2024-12,2024-12-01,935.47285,Teagen,2024.0,December,False
Teagen - CRES,Effective Rental Income,2024-12,2024-12-01,3618.26303,Teagen,2024.0,December,False
Teagen - CRES,Other Income / Loss,2024-12,2024-12-01,0.0,Teagen,2024.0,December,False
Teagen - CRES,Net Eff. Gross Income,2024-12,2024-12-01,3618.26303,Teagen,2024.0,December,False
Teagen - CRES,General & Admin.,2024-12,2024-12-01,-167.45893,Teagen,2024.0,December,True
Teagen - CRES,Management Fee,2024-12,2024-12-01,-108.54791000000002,Teagen,2024.0,December,True
Teagen - CRES,Payroll,2024-12,2024-12-01,-523.24221,Teagen,2024.0,December,True
Teagen - CRES,Insurance,2024-12,2024-12-01,-252.936,Teagen,2024.0,December,True
Teagen - CRES,Property Taxes,2024-12,2024-12-01,-333.77453,Teagen,2024.0,December,True
Teagen - CRES,Leasing & Marketing,2024-12,2024-12-01,-107.92482000000003,Teagen,2024.0,December,True
Teagen - CRES,Professional fees,2024-12,2024-12-01,-5.4722100000000005,Teagen,2024.0,December,True
Teagen - CRES,Landscaping,2024-12,2024-12-01,-14.516810000000001,Teagen,2024.0,December,True
Teagen - CRES,Security & Life Safety,2024-12,2024-12-01,-3.302820000000001,Teagen,2024.0,December,True
Teagen - CRES,Repairs & Maintenance,2024-12,2024-12-01,-241.12561,Teagen,2024.0,December,True
Teagen - CRES,Unit T/O Refurbishment,2024-12,2024-12-01,0.0,Teagen,2024.0,December,False
Teagen - CRES,Utilities,2024-12,2024-12-01,-268.67958999999996,Teagen,2024.0,December,True
Teagen - CRES,Trash Removal,2024-12,2024-12-01,-73.39314,Teagen,2024.0,December,True
Teagen - CRES,Miscellaneous,2024-12,2024-12-01,0.0,Teagen,2024.0,December,False
Teagen - CRES,Other,2024-12,2024-12-01,0.0,Teagen,2024.0,December,False
Teagen - CRES,Total Expense,2024-12,2024-12-01,-2100.3745799999997,Teagen,2024.0,December,True
Teagen - CRES,EBITDA (NOI),2024-12,2024-12-01,1517.8884500000004,Teagen,2024.0,December,False
Teagen - CRES,Repl. Reserve Fund,2024-12,2024-12-01,-328.9049500000001,Teagen,2024.0,December,True
Teagen - CRES,State Franchise Fee,2024-12,2024-12-01,0.0,Teagen,2024.0,December,False
Teagen - CRES,Partnership Professional Fees,2024-12,2024-12-01,-30.6053,Teagen,2024.0,December,True
Teagen - CRES,Asset Management Fees,2024-12,2024-12-01,-27.13699,Teagen,2024.0,December,True
Teagen - CRES,Debt Service,2024-12,2024-12-01,-1142.07765,Teagen,2024.0,December,True
Teagen - CRES,Other 2,2024-12,2024-12-01,0.0,Teagen,2024.0,December,False
Teagen - CRES,Total Below Line,2024-12,2024-12-01,-1528.7248900000002,Teagen,2024.0,December,True
Teagen - CRES,Renovations,2024-12,2024-12-01,-2.046363078989088e-14,Teagen,2024.0,December,True
Teagen - CRES,Monthly Cash Flow,2024-12,2024-12-01,-10.836439999999868,Teagen,2024.0,December,True
Sunset View - CRES,Property Asking Rent,2024-10,2024-10-01,5976.540000000001,Sunset View,2024.0,October,False
Sunset View - CRES,Loss to lease,2024-10,2024-10-01,-1108.15442,Sunset View,2024.0,October,True
Sunset View - CRES,Gross Scheduled Rent,2024-10,2024-10-01,4868.38558,Sunset View,2024.0,October,False
Sunset View - CRES,Vacancy,2024-10,2024-10-01,-554.8629599999999,Sunset View,2024.0,October,True
Sunset View - CRES,Non Revenue Units,2024-10,2024-10-01,-12.419489999999998,Sunset View,2024.0,October,True
Sunset View - CRES,Concessions,2024-10,2024-10-01,-335.46618,Sunset View,2024.0,October,True
Sunset View - CRES,Delinquency,2024-10,2024-10-01,-50.93055000000001,Sunset View,2024.0,October,True
Sunset View - CRES,Parking Garage Income,2024-10,2024-10-01,0.0,Sunset View,2024.0,October,False
Sunset View - CRES,Utility Income,2024-10,2024-10-01,203.45929000000004,Sunset View,2024.0,October,False
Sunset View - CRES,Other - Income,2024-10,2024-10-01,311.87835,Sunset View,2024.0,October,False
Sunset View - CRES,Effective Rental Income,2024-10,2024-10-01,4430.044040000001,Sunset View,2024.0,October,False
Sunset View - CRES,Other Income / Loss,2024-10,2024-10-01,0.0,Sunset View,2024.0,October,False
Sunset View - CRES,Net Eff. Gross Income,2024-10,2024-10-01,4430.044040000001,Sunset View,2024.0,October,False
Sunset View - CRES,General & Admin.,2024-10,2024-10-01,-7.297970000000003,Sunset View,2024.0,October,True
Sunset View - CRES,Management Fee,2024-10,2024-10-01,-122.55053999999998,Sunset View,2024.0,October,True
Sunset View - CRES,Payroll,2024-10,2024-10-01,-341.59842,Sunset View,2024.0,October,True
Sunset View - CRES,Insurance,2024-10,2024-10-01,-38.298849999999995,Sunset View,2024.0,October,True
Sunset View - CRES,Property Taxes,2024-10,2024-10-01,-347.60596,Sunset View,2024.0,October,True
Sunset View - CRES,Leasing & Marketing,2024-10,2024-10-01,-106.14183,Sunset View,2024.0,October,True
Sunset View - CRES,Professional fees,2024-10,2024-10-01,-19.45378,Sunset View,2024.0,October,True
Sunset View - CRES,Landscaping,2024-10,2024-10-01,-12.745849999999999,Sunset View,2024.0,October,True
Sunset View - CRES,Security & Life Safety,2024-10,2024-10-01,-5.70307,Sunset View,2024.0,October,True
Sunset View - CRES,Repairs & Maintenance,2024-10,2024-10-01,-56.069410000000005,Sunset View,2024.0,October,True
Sunset View - CRES,Unit T/O Refurbishment,2024-10,2024-10-01,-54.70084000000001,Sunset View,2024.0,October,True
Sunset View - CRES,Utilities,2024-10,2024-10-01,-260.5898,Sunset View,2024.0,October,True
Sunset View - CRES,Trash Removal,2024-10,2024-10-01,-39.09877,Sunset View,2024.0,October,True
Sunset View - CRES,Miscellaneous,2024-10,2024-10-01,0.0,Sunset View,2024.0,October,False
Sunset View - CRES,Other - Expenses,2024-10,2024-10-01,0.0,Sunset View,2024.0,October,False
Sunset View - CRES,Total Expense,2024-10,2024-10-01,-1411.85509,Sunset View,2024.0,October,True
Sunset View - CRES,EBITDA (NOI),2024-10,2024-10-01,3018.1889500000007,Sunset View,2024.0,October,False
Sunset View - CRES,Repl. Reserve Fund,2024-10,2024-10-01,-366.82348,Sunset View,2024.0,October,True
Sunset View - CRES,State Franchise Fee,2024-10,2024-10-01,0.0,Sunset View,2024.0,October,False
Sunset View - CRES,Partnership Professional Fees,2024-10,2024-10-01,-3.2858899999999993,Sunset View,2024.0,October,True
Sunset View - CRES,Asset Management Fees,2024-10,2024-10-01,-92.62566999999999,Sunset View,2024.0,October,True
Sunset View - CRES,Debt Service,2024-10,2024-10-01,-2957.86528,Sunset View,2024.0,October,True
Sunset View - CRES,Other 2,2024-10,2024-10-01,0.0,Sunset View,2024.0,October,False
Sunset View - CRES,Total Below Line,2024-10,2024-10-01,-3420.60032,Sunset View,2024.0,October,True
Sunset View - CRES,Renovations,2024-10,2024-10-01,0.0,Sunset View,2024.0,October,False
Sunset View - CRES,Monthly Cash Flow,2024-10,2024-10-01,-402.41137,Sunset View,2024.0,October,True
Sunrise on Bethany - CRES,Property Asking Rent,2024-11,2024-11-01,2434.449,Sunrise on Bethany,2024.0,November,False
Sunrise on Bethany - CRES,Loss to lease,2024-11,2024-11-01,-41.79408000000001,Sunrise on Bethany,2024.0,November,True
Sunrise on Bethany - CRES,Gross Scheduled Rent,2024-11,2024-11-01,2392.65492,Sunrise on Bethany,2024.0,November,False
Sunrise on Bethany - CRES,Vacancy,2024-11,2024-11-01,-164.65198,Sunrise on Bethany,2024.0,November,True
Sunrise on Bethany - CRES,Non Revenue Units,2024-11,2024-11-01,-21.120000000000005,Sunrise on Bethany,2024.0,November,True
Sunrise on Bethany - CRES,Concessions,2024-11,2024-11-01,-44.017230000000005,Sunrise on Bethany,2024.0,November,True
Sunrise on Bethany - CRES,Delinquency,2024-11,2024-11-01,-53.46778000000001,Sunrise on Bethany,2024.0,November,True
Sunrise on Bethany - CRES,Parking Garage Income,2024-11,2024-11-01,4.0213600000000005,Sunrise on Bethany,2024.0,November,False
Sunrise on Bethany - CRES,Utility Income,2024-11,2024-11-01,107.67804,Sunrise on Bethany,2024.0,November,False
Sunrise on Bethany - CRES,Other - Income,2024-11,2024-11-01,110.63519999999998,Sunrise on Bethany,2024.0,November,False
Sunrise on Bethany - CRES,Effective Rental Income,2024-11,2024-11-01,2331.73253,Sunrise on Bethany,2024.0,November,False
Sunrise on Bethany - CRES,Other Income / Loss,2024-11,2024-11-01,0.0,Sunrise on Bethany,2024.0,November,False
Sunrise on Bethany - CRES,Net Eff. Gross Income,2024-11,2024-11-01,2331.73253,Sunrise on Bethany,2024.0,November,False
Sunrise on Bethany - CRES,General & Admin.,2024-11,2024-11-01,-48.74243999999999,Sunrise on Bethany,2024.0,November,True
Sunrise on Bethany - CRES,Management Fee,2024-11,2024-11-01,-64.12263,Sunrise on Bethany,2024.0,November,True
Sunrise on Bethany - CRES,Payroll,2024-11,2024-11-01,-181.99675,Sunrise on Bethany,2024.0,November,True
Sunrise on Bethany - CRES,Insurance,2024-11,2024-11-01,-53.93230999999999,Sunrise on Bethany,2024.0,November,True
Sunrise on Bethany - CRES,Property Taxes,2024-11,2024-11-01,-63.45080000000001,Sunrise on Bethany,2024.0,November,True
Sunrise on Bethany - CRES,Leasing & Marketing,2024-11,2024-11-01,-27.001209999999997,Sunrise on Bethany,2024.0,November,True
Sunrise on Bethany - CRES,Professional fees,2024-11,2024-11-01,-4.69336,Sunrise on Bethany,2024.0,November,True
Sunrise on Bethany - CRES,Landscaping,2024-11,2024-11-01,-34.51818999999999,Sunrise on Bethany,2024.0,November,True
Sunrise on Bethany - CRES,Security & Life Safety,2024-11,2024-11-01,-16.8859,Sunrise on Bethany,2024.0,November,True
Sunrise on Bethany - CRES,Repairs & Maintenance,2024-11,2024-11-01,-22.623900000000003,Sunrise on Bethany,2024.0,November,True
Sunrise on Bethany - CRES,Unit T/O Refurbishment,2024-11,2024-11-01,-7.79812,Sunrise on Bethany,2024.0,November,True
Sunrise on Bethany - CRES,Utilities,2024-11,2024-11-01,-131.64479,Sunrise on Bethany,2024.0,November,True
Sunrise on Bethany - CRES,Trash Removal,2024-11,2024-11-01,-33.96506,Sunrise on Bethany,2024.0,November,True
Sunrise on Bethany - CRES,Miscellaneous,2024-11,2024-11-01,0.0,Sunrise on Bethany,2024.0,November,False
Sunrise on Bethany - CRES,Other,2024-11,2024-11-01,0.0,Sunrise on Bethany,2024.0,November,False
Sunrise on Bethany - CRES,Total Expense,2024-11,2024-11-01,-691.3754600000001,Sunrise on Bethany,2024.0,November,True
Sunrise on Bethany - CRES,EBITDA (NOI),2024-11,2024-11-01,1640.35707,Sunrise on Bethany,2024.0,November,False
Sunrise on Bethany - CRES,Repl. Reserve Fund,2024-11,2024-11-01,-106.56506999999993,Sunrise on Bethany,2024.0,November,True
Sunrise on Bethany - CRES,State Franchise Fee,2024-11,2024-11-01,0.0,Sunrise on Bethany,2024.0,November,False
Sunrise on Bethany - CRES,Partnership Professional Fees,2024-11,2024-11-01,-19.198500000000003,Sunrise on Bethany,2024.0,November,True
Sunrise on Bethany - CRES,Asset Management Fees,2024-11,2024-11-01,-46.634660000000004,Sunrise on Bethany,2024.0,November,True
Sunrise on Bethany - CRES,Debt Service,2024-11,2024-11-01,-873.03361,Sunrise on Bethany,2024.0,November,True
Sunrise on Bethany - CRES,Other 2,2024-11,2024-11-01,0.0,Sunrise on Bethany,2024.0,November,False
Sunrise on Bethany - CRES,Total Below Line,2024-11,2024-11-01,-1045.43184,Sunrise on Bethany,2024.0,November,True
Sunrise on Bethany - CRES,Renovations,2024-11,2024-11-01,-58.80474000000001,Sunrise on Bethany,2024.0,November,True
Sunrise on Bethany - CRES,Monthly Cash Flow,2024-11,2024-11-01,594.92523,Sunrise on Bethany,2024.0,November,False
Sunrise in Chandler - CRES,Property Asking Rent,2024-11,2024-11-01,926.8931600000001,Sunrise in Chandler,2024.0,November,False
Sunrise in Chandler - CRES,Loss to lease,2024-11,2024-11-01,-26.080420000000004,Sunrise in Chandler,2024.0,November,True
Sunrise in Chandler - CRES,Gross Scheduled Rent,2024-11,2024-11-01,900.8127400000001,Sunrise in Chandler,2024.0,November,False
Sunrise in Chandler - CRES,Vacancy,2024-11,2024-11-01,-35.17637,Sunrise in Chandler,2024.0,November,True
Sunrise in Chandler - CRES,Non Revenue Units,2024-11,2024-11-01,-12.979,Sunrise in Chandler,2024.0,November,True
Sunrise in Chandler - CRES,Concessions,2024-11,2024-11-01,-15.6375,Sunrise in Chandler,2024.0,November,True
Sunrise in Chandler - CRES,Delinquency,2024-11,2024-11-01,-2.7648699999999997,Sunrise in Chandler,2024.0,November,True
Sunrise in Chandler - CRES,Parking Garage Income,2024-11,2024-11-01,0.0,Sunrise in Chandler,2024.0,November,False
Sunrise in Chandler - CRES,Utility Income,2024-11,2024-11-01,12.164060000000001,Sunrise in Chandler,2024.0,November,False
Sunrise in Chandler - CRES,Other - Income,2024-11,2024-11-01,46.66046,Sunrise in Chandler,2024.0,November,False
Sunrise in Chandler - CRES,Effective Rental Income,2024-11,2024-11-01,893.0795200000002,Sunrise in Chandler,2024.0,November,False
Sunrise in Chandler - CRES,Other Income / Loss,2024-11,2024-11-01,0.0,Sunrise in Chandler,2024.0,November,False
Sunrise in Chandler - CRES,Net Eff. Gross Income,2024-11,2024-11-01,893.0795200000002,Sunrise in Chandler,2024.0,November,False
Sunrise in Chandler - CRES,General & Admin.,2024-11,2024-11-01,-12.658579999999999,Sunrise in Chandler,2024.0,November,True
Sunrise in Chandler - CRES,Management Fee,2024-11,2024-11-01,-19.538429999999998,Sunrise in Chandler,2024.0,November,True
Sunrise in Chandler - CRES,Payroll,2024-11,2024-11-01,-67.01660000000001,Sunrise in Chandler,2024.0,November,True
Sunrise in Chandler - CRES,Insurance,2024-11,2024-11-01,-14.40426,Sunrise in Chandler,2024.0,November,True
Sunrise in Chandler - CRES,Property Taxes,2024-11,2024-11-01,-8.92804,Sunrise in Chandler,2024.0,November,True
Sunrise in Chandler - CRES,Leasing & Marketing,2024-11,2024-11-01,-6.51351,Sunrise in Chandler,2024.0,November,True
Sunrise in Chandler - CRES,Professional fees,2024-11,2024-11-01,-2.14504,Sunrise in Chandler,2024.0,November,True
Sunrise in Chandler - CRES,Landscaping,2024-11,2024-11-01,-11.384039999999999,Sunrise in Chandler,2024.0,November,True
Sunrise in Chandler - CRES,Security & Life Safety,2024-11,2024-11-01,-0.75,Sunrise in Chandler,2024.0,November,True
Sunrise in Chandler - CRES,Repairs & Maintenance,2024-11,2024-11-01,-14.810770000000002,Sunrise in Chandler,2024.0,November,True
Sunrise in Chandler - CRES,Unit T/O Refurbishment,2024-11,2024-11-01,-5.5061800000000005,Sunrise in Chandler,2024.0,November,True
Sunrise in Chandler - CRES,Utilities,2024-11,2024-11-01,-32.97217,Sunrise in Chandler,2024.0,November,True
Sunrise in Chandler - CRES,Trash Removal,2024-11,2024-11-01,-3.47802,Sunrise in Chandler,2024.0,November,True
Sunrise in Chandler - CRES,Miscellaneous,2024-11,2024-11-01,0.0,Sunrise in Chandler,2024.0,November,False
Sunrise in Chandler - CRES,Other,2024-11,2024-11-01,0.0,Sunrise in Chandler,2024.0,November,False
Sunrise in Chandler - CRES,Total Expense,2024-11,2024-11-01,-200.10564,Sunrise in Chandler,2024.0,November,True
Sunrise in Chandler - CRES,EBITDA (NOI),2024-11,2024-11-01,692.9738800000002,Sunrise in Chandler,2024.0,November,False
Sunrise in Chandler - CRES,Repl. Reserve Fund,2024-11,2024-11-01,-36.808580000000006,Sunrise in Chandler,2024.0,November,True
Sunrise in Chandler - CRES,State Franchise Fee,2024-11,2024-11-01,0.0,Sunrise in Chandler,2024.0,November,False
Sunrise in Chandler - CRES,Partnership Professional Fees,2024-11,2024-11-01,-6.8375,Sunrise in Chandler,2024.0,November,True
Sunrise in Chandler - CRES,Asset Management Fees,2024-11,2024-11-01,-17.8616,Sunrise in Chandler,2024.0,November,True
Sunrise in Chandler - CRES,Debt Service,2024-11,2024-11-01,-516.21803,Sunrise in Chandler,2024.0,November,True
Sunrise in Chandler - CRES,Other 2,2024-11,2024-11-01,0.0,Sunrise in Chandler,2024.0,November,False
Sunrise in Chandler - CRES,Total Below Line,2024-11,2024-11-01,-577.7257099999999,Sunrise in Chandler,2024.0,November,True
Sunrise in Chandler - CRES,Renovations,2024-11,2024-11-01,-0.53,Sunrise in Chandler,2024.0,November,True
Sunrise in Chandler - CRES,Monthly Cash Flow,2024-11,2024-11-01,115.24817000000021,Sunrise in Chandler,2024.0,November,False
Royal Spring - CRES,Property Asking Rent,2024-06,2024-06-01,6014.856000000001,Royal Spring,2024.0,June,False
Royal Spring - CRES,Loss to lease,2024-06,2024-06-01,-476.339,Royal Spring,2024.0,June,True
Royal Spring - CRES,Gross Scheduled Rent,2024-06,2024-06-01,5538.517,Royal Spring,2024.0,June,False
Royal Spring - CRES,Vacancy,2024-06,2024-06-01,-432.29552,Royal Spring,2024.0,June,True
Royal Spring - CRES,Non Revenue Units,2024-06,2024-06-01,-15.959900000000001,Royal Spring,2024.0,June,True
Royal Spring - CRES,Concessions,2024-06,2024-06-01,-73.86740000000002,Royal Spring,2024.0,June,True
Royal Spring - CRES,Delinquency,2024-06,2024-06-01,-90.42911000000002,Royal Spring,2024.0,June,True
Royal Spring - CRES,Parking Garage Income,2024-06,2024-06-01,70.21795,Royal Spring,2024.0,June,False
Royal Spring - CRES,Utility Income,2024-06,2024-06-01,499.96738999999997,Royal Spring,2024.0,June,False
Royal Spring - CRES,Other - Income,2024-06,2024-06-01,325.25809999999996,Royal Spring,2024.0,June,False
Royal Spring - CRES,Effective Rental Income,2024-06,2024-06-01,5821.40851,Royal Spring,2024.0,June,False
Royal Spring - CRES,Other Income / Loss,2024-06,2024-06-01,0.0,Royal Spring,2024.0,June,False
Royal Spring - CRES,Net Eff. Gross Income,2024-06,2024-06-01,5821.40851,Royal Spring,2024.0,June,False
Royal Spring - CRES,General & Admin.,2024-06,2024-06-01,-155.98574,Royal Spring,2024.0,June,True
Royal Spring - CRES,Management Fee,2024-06,2024-06-01,-145.53523,Royal Spring,2024.0,June,True
Royal Spring - CRES,Payroll,2024-06,2024-06-01,-537.12707,Royal Spring,2024.0,June,True
Royal Spring - CRES,Insurance,2024-06,2024-06-01,-207.55524000000003,Royal Spring,2024.0,June,True
Royal Spring - CRES,Property Taxes,2024-06,2024-06-01,-1117.98082,Royal Spring,2024.0,June,True
Royal Spring - CRES,Leasing & Marketing,2024-06,2024-06-01,-68.47738000000001,Royal Spring,2024.0,June,True
Royal Spring - CRES,Professional fees,2024-06,2024-06-01,-37.07119,Royal Spring,2024.0,June,True
Royal Spring - CRES,Landscaping,2024-06,2024-06-01,-48.06899999999999,Royal Spring,2024.0,June,True
Royal Spring - CRES,Security & Life Safety,2024-06,2024-06-01,-6.860460000000001,Royal Spring,2024.0,June,True
Royal Spring - CRES,Repairs & Maintenance,2024-06,2024-06-01,-199.4891,Royal Spring,2024.0,June,True
Royal Spring - CRES,Unit T/O Refurbishment,2024-06,2024-06-01,0.0,Royal Spring,2024.0,June,False
Royal Spring - CRES,Utilities,2024-06,2024-06-01,-353.74667,Royal Spring,2024.0,June,True
Royal Spring - CRES,Trash Removal,2024-06,2024-06-01,-100.38884999999999,Royal Spring,2024.0,June,True
Royal Spring - CRES,Miscellaneous,2024-06,2024-06-01,0.0,Royal Spring,2024.0,June,False
Royal Spring - CRES,Other - Expense,2024-06,2024-06-01,0.0,Royal Spring,2024.0,June,False
Royal Spring - CRES,Total Expense,2024-06,2024-06-01,-2978.2867499999993,Royal Spring,2024.0,June,True
Royal Spring - CRES,EBITDA (NOI),2024-06,2024-06-01,2843.121760000001,Royal Spring,2024.0,June,False
Royal Spring - CRES,Repl. Reserve Fund,2024-06,2024-06-01,134.74772,Royal Spring,2024.0,June,False
Royal Spring - CRES,State Franchise Fee,2024-06,2024-06-01,0.0,Royal Spring,2024.0,June,False
Royal Spring - CRES,Partnership Professional Fees,2024-06,2024-06-01,2.6509699999999867,Royal Spring,2024.0,June,False
Royal Spring - CRES,Asset Management Fees,2024-06,2024-06-01,-116.42664,Royal Spring,2024.0,June,True
Royal Spring - CRES,Debt Service,2024-06,2024-06-01,-3388.56861,Royal Spring,2024.0,June,True
Royal Spring - CRES,Other - Below Line,2024-06,2024-06-01,0.0,Royal Spring,2024.0,June,False
Royal Spring - CRES,Total Below Line,2024-06,2024-06-01,-3367.5965599999995,Royal Spring,2024.0,June,True
Royal Spring - CRES,Renovations,2024-06,2024-06-01,0.0,Royal Spring,2024.0,June,False
Royal Spring - CRES,Monthly Cash Flow,2024-06,2024-06-01,-524.4748000000002,Royal Spring,2024.0,June,True
Sarah at Lake Houston - CRES,Property Asking Rent,2024-06,2024-06-01,6804.91632,Sarah at Lake Houston,2024.0,June,False
Sarah at Lake Houston - CRES,Loss to lease,2024-06,2024-06-01,-241.56802000000002,Sarah at Lake Houston,2024.0,June,True
Sarah at Lake Houston - CRES,Gross Scheduled Rent,2024-06,2024-06-01,6563.3483,Sarah at Lake Houston,2024.0,June,False
Sarah at Lake Houston - CRES,Vacancy,2024-06,2024-06-01,-397.1124899999999,Sarah at Lake Houston,2024.0,June,True
Sarah at Lake Houston - CRES,Non Revenue Units,2024-06,2024-06-01,-24.479999999999993,Sarah at Lake Houston,2024.0,June,True
Sarah at Lake Houston - CRES,Concessions,2024-06,2024-06-01,-63.12357999999998,Sarah at Lake Houston,2024.0,June,True
Sarah at Lake Houston - CRES,Delinquency,2024-06,2024-06-01,-89.35984,Sarah at Lake Houston,2024.0,June,True
Sarah at Lake Houston - CRES,Parking Garage Income,2024-06,2024-06-01,124.66976,Sarah at Lake Houston,2024.0,June,False
Sarah at Lake Houston - CRES,Utility Income,2024-06,2024-06-01,360.11494,Sarah at Lake Houston,2024.0,June,False
Sarah at Lake Houston - CRES,Other - Income,2024-06,2024-06-01,417.38233,Sarah at Lake Houston,2024.0,June,False
Sarah at Lake Houston - CRES,Effective Rental Income,2024-06,2024-06-01,6891.43942,Sarah at Lake Houston,2024.0,June,False
Sarah at Lake Houston - CRES,Other Income / Loss,2024-06,2024-06-01,0.0,Sarah at Lake Houston,2024.0,June,False
Sarah at Lake Houston - CRES,Net Eff. Gross Income,2024-06,2024-06-01,6891.43942,Sarah at Lake Houston,2024.0,June,False
Sarah at Lake Houston - CRES,General & Admin.,2024-06,2024-06-01,-145.9635,Sarah at Lake Houston,2024.0,June,True
Sarah at Lake Houston - CRES,Management Fee,2024-06,2024-06-01,-172.286,Sarah at Lake Houston,2024.0,June,True
Sarah at Lake Houston - CRES,Payroll,2024-06,2024-06-01,-532.3716000000001,Sarah at Lake Houston,2024.0,June,True
Sarah at Lake Houston - CRES,Insurance,2024-06,2024-06-01,-344.91854000000006,Sarah at Lake Houston,2024.0,June,True
Sarah at Lake Houston - CRES,Property Taxes,2024-06,2024-06-01,-1487.2957599999997,Sarah at Lake Houston,2024.0,June,True
Sarah at Lake Houston - CRES,Leasing & Marketing,2024-06,2024-06-01,-41.61445,Sarah at Lake Houston,2024.0,June,True
Sarah at Lake Houston - CRES,Professional fees,2024-06,2024-06-01,-21.85993,Sarah at Lake Houston,2024.0,June,True
Sarah at Lake Houston - CRES,Landscaping,2024-06,2024-06-01,-40.154250000000005,Sarah at Lake Houston,2024.0,June,True
Sarah at Lake Houston - CRES,Security & Life Safety,2024-06,2024-06-01,-9.35885,Sarah at Lake Houston,2024.0,June,True
Sarah at Lake Houston - CRES,Repairs & Maintenance,2024-06,2024-06-01,-174.53852,Sarah at Lake Houston,2024.0,June,True
Sarah at Lake Houston - CRES,Unit T/O Refurbishment,2024-06,2024-06-01,-136.80725999999999,Sarah at Lake Houston,2024.0,June,True
Sarah at Lake Houston - CRES,Utilities,2024-06,2024-06-01,-335.31178,Sarah at Lake Houston,2024.0,June,True
Sarah at Lake Houston - CRES,Trash Removal,2024-06,2024-06-01,-72.88829,Sarah at Lake Houston,2024.0,June,True
Sarah at Lake Houston - CRES,Miscellaneous,2024-06,2024-06-01,0.0,Sarah at Lake Houston,2024.0,June,False
Sarah at Lake Houston - CRES,Other - Expense,2024-06,2024-06-01,0.0,Sarah at Lake Houston,2024.0,June,False
Sarah at Lake Houston - CRES,Total Expense,2024-06,2024-06-01,-3515.3687299999997,Sarah at Lake Houston,2024.0,June,True
Sarah at Lake Houston - CRES,EBITDA (NOI),2024-06,2024-06-01,3376.07069,Sarah at Lake Houston,2024.0,June,False
Sarah at Lake Houston - CRES,Repl. Reserve Fund,2024-06,2024-06-01,137.15785,Sarah at Lake Houston,2024.0,June,False
Sarah at Lake Houston - CRES,State Franchise Fee,2024-06,2024-06-01,0.0,Sarah at Lake Houston,2024.0,June,False
Sarah at Lake Houston - CRES,Partnership Professional Fees,2024-06,2024-06-01,0.0,Sarah at Lake Houston,2024.0,June,False
Sarah at Lake Houston - CRES,Asset Management Fees,2024-06,2024-06-01,0.0,Sarah at Lake Houston,2024.0,June,False
Sarah at Lake Houston - CRES,Debt Service,2024-06,2024-06-01,-2993.21917,Sarah at Lake Houston,2024.0,June,True
Sarah at Lake Houston - CRES,Other - Below Line,2024-06,2024-06-01,-404.0,Sarah at Lake Houston,2024.0,June,True
Sarah at Lake Houston - CRES,Total Below Line,2024-06,2024-06-01,-3260.06132,Sarah at Lake Houston,2024.0,June,True
Sarah at Lake Houston - CRES,Renovations,2024-06,2024-06-01,43.05484,Sarah at Lake Houston,2024.0,June,False
Sarah at Lake Houston - CRES,Monthly Cash Flow,2024-06,2024-06-01,116.00937000000087,Sarah at Lake Houston,2024.0,June,False
Copia - CRES,Property Asking Rent,2024-11,2024-11-01,156.488,Copia,2024.0,November,False
Copia - CRES,Loss to lease,2024-11,2024-11-01,-13.717569999999998,Copia,2024.0,November,True
Copia - CRES,Gross Scheduled Rent,2024-11,2024-11-01,142.77043,Copia,2024.0,November,False
Copia - CRES,Vacancy,2024-11,2024-11-01,-88.31915,Copia,2024.0,November,True
Copia - CRES,Non Revenue Units,2024-11,2024-11-01,0.0,Copia,2024.0,November,False
Copia - CRES,Concessions,2024-11,2024-11-01,-1.395,Copia,2024.0,November,True
Copia - CRES,Delinquency,2024-11,2024-11-01,0.0,Copia,2024.0,November,False
Copia - CRES,Parking Garage Income,2024-11,2024-11-01,2.97176,Copia,2024.0,November,False
Copia - CRES,Utility Income,2024-11,2024-11-01,1.18682,Copia,2024.0,November,False
Copia - CRES,Other,2024-11,2024-11-01,4.763710000000001,Copia,2024.0,November,False
Copia - CRES,Effective Rental Income,2024-11,2024-11-01,61.97857,Copia,2024.0,November,False
Copia - CRES,Other Income / Loss,2024-11,2024-11-01,0.0,Copia,2024.0,November,False
Copia - CRES,Net Eff. Gross Income,2024-11,2024-11-01,61.97857,Copia,2024.0,November,False
Copia - CRES,General & Admin.,2024-11,2024-11-01,-5.99992,Copia,2024.0,November,True
Copia - CRES,Management Fee,2024-11,2024-11-01,-4.348990000000001,Copia,2024.0,November,True
Copia - CRES,Payroll,2024-11,2024-11-01,-3.98665,Copia,2024.0,November,True
Copia - CRES,Insurance,2024-11,2024-11-01,-1.0276500000000002,Copia,2024.0,November,True
Copia - CRES,Property Taxes,2024-11,2024-11-01,0.0,Copia,2024.0,November,False
Copia - CRES,Leasing & Marketing,2024-11,2024-11-01,-3.6556400000000004,Copia,2024.0,November,True
Copia - CRES,Professional fees,2024-11,2024-11-01,0.0,Copia,2024.0,November,False
Copia - CRES,Landscaping,2024-11,2024-11-01,0.0,Copia,2024.0,November,False
Copia - CRES,Security & Life Safety,2024-11,2024-11-01,-0.6779999999999999,Copia,2024.0,November,True
Copia - CRES,Repairs & Maintenance,2024-11,2024-11-01,-6.84445,Copia,2024.0,November,True
Copia - CRES,Unit T/O Refurbishment,2024-11,2024-11-01,-0.575,Copia,2024.0,November,True
Copia - CRES,Utilities,2024-11,2024-11-01,-16.11045,Copia,2024.0,November,True
Copia - CRES,Trash Removal,2024-11,2024-11-01,-0.542,Copia,2024.0,November,True
Copia - CRES,Miscellaneous,2024-11,2024-11-01,0.0,Copia,2024.0,November,False
Copia - CRES,Other,2024-11,2024-11-01,0.0,Copia,2024.0,November,False
Copia - CRES,Total Expense,2024-11,2024-11-01,-43.768750000000004,Copia,2024.0,November,True
Copia - CRES,EBITDA (NOI),2024-11,2024-11-01,18.209819999999993,Copia,2024.0,November,False
Copia - CRES,Repl. Reserve Fund,2024-11,2024-11-01,0.0,Copia,2024.0,November,False
Copia - CRES,State Franchise Fee,2024-11,2024-11-01,0.0,Copia,2024.0,November,False
Copia - CRES,Partnership Professional Fees,2024-11,2024-11-01,-2.307,Copia,2024.0,November,True
Copia - CRES,Asset Management Fees,2024-11,2024-11-01,-0.1899,Copia,2024.0,November,True
Copia - CRES,Debt Service,2024-11,2024-11-01,-38.46373,Copia,2024.0,November,True
Copia - CRES,Other 2,2024-11,2024-11-01,0.0,Copia,2024.0,November,False
Copia - CRES,Total Below Line,2024-11,2024-11-01,-40.96063000000001,Copia,2024.0,November,True
Copia - CRES,Renovations,2024-11,2024-11-01,0.0,Copia,2024.0,November,False
Copia - CRES,Monthly Cash Flow,2024-11,2024-11-01,-22.75081,Copia,2024.0,November,True
Pooler Station - CRES,Property Asking Rent,2025-02,2025-02-01,3317.2050000000004,Pooler Station,2025.0,February,False
Pooler Station - CRES,Loss to lease,2025-02,2025-02-01,-276.147,Pooler Station,2025.0,February,True
Pooler Station - CRES,Gross Scheduled Rent,2025-02,2025-02-01,3041.058,Pooler Station,2025.0,February,False
Pooler Station - CRES,Vacancy,2025-02,2025-02-01,-341.13543000000004,Pooler Station,2025.0,February,True
Pooler Station - CRES,Non Revenue Units,2025-02,2025-02-01,-25.44767,Pooler Station,2025.0,February,True
Pooler Station - CRES,Concessions,2025-02,2025-02-01,-50.24673,Pooler Station,2025.0,February,True
Pooler Station - CRES,Delinquency,2025-02,2025-02-01,-176.52279,Pooler Station,2025.0,February,True
Pooler Station - CRES,Effective Rental Income,2025-02,2025-02-01,2447.705380000001,Pooler Station,2025.0,February,False
Pooler Station - CRES,Parking Garage Income,2025-02,2025-02-01,5.420000000000001,Pooler Station,2025.0,February,False
Pooler Station - CRES,Utility Income,2025-02,2025-02-01,13.98731,Pooler Station,2025.0,February,False
Pooler Station - CRES,Other - Income,2025-02,2025-02-01,199.22199,Pooler Station,2025.0,February,False
Pooler Station - CRES,Total Other Income,2025-02,2025-02-01,218.62930000000003,Pooler Station,2025.0,February,False
Pooler Station - CRES,Net Eff. Gross Income,2025-02,2025-02-01,2666.3346800000004,Pooler Station,2025.0,February,False
Pooler Station - CRES,General & Admin.,2025-02,2025-02-01,-92.61213000000001,Pooler Station,2025.0,February,True
Pooler Station - CRES,Management Fee,2025-02,2025-02-01,-81.00353000000001,Pooler Station,2025.0,February,True
Pooler Station - CRES,Payroll,2025-02,2025-02-01,-291.67089,Pooler Station,2025.0,February,True
Pooler Station - CRES,Insurance,2025-02,2025-02-01,-148.73454,Pooler Station,2025.0,February,True
Pooler Station - CRES,Property Taxes,2025-02,2025-02-01,-214.77295999999998,Pooler Station,2025.0,February,True
Pooler Station - CRES,Leasing & Marketing,2025-02,2025-02-01,-59.985789999999994,Pooler Station,2025.0,February,True
Pooler Station - CRES,Professional fees,2025-02,2025-02-01,0.0,Pooler Station,2025.0,February,False
Pooler Station - CRES,Landscaping,2025-02,2025-02-01,-39.32876,Pooler Station,2025.0,February,True
Pooler Station - CRES,Security & Life Safety,2025-02,2025-02-01,-0.5903400000000001,Pooler Station,2025.0,February,True
Pooler Station - CRES,Repairs & Maintenance,2025-02,2025-02-01,-43.50891,Pooler Station,2025.0,February,True
Pooler Station - CRES,Unit T/O Refurbishment,2025-02,2025-02-01,-37.13587999999999,Pooler Station,2025.0,February,True
Pooler Station - CRES,Utilities,2025-02,2025-02-01,-61.420550000000006,Pooler Station,2025.0,February,True
Pooler Station - CRES,Trash Removal,2025-02,2025-02-01,-53.74126999999999,Pooler Station,2025.0,February,True
Pooler Station - CRES,Miscellaneous,2025-02,2025-02-01,0.0,Pooler Station,2025.0,February,False
Pooler Station - CRES,Other - Expense,2025-02,2025-02-01,0.0,Pooler Station,2025.0,February,False
Pooler Station - CRES,Total Expense,2025-02,2025-02-01,-1124.50555,Pooler Station,2025.0,February,True
Pooler Station - CRES,EBITDA (NOI),2025-02,2025-02-01,1541.8291300000003,Pooler Station,2025.0,February,False
Pooler Station - CRES,Repl. Reserve Fund,2025-02,2025-02-01,-87.40610999999998,Pooler Station,2025.0,February,True
Pooler Station - CRES,State Franchise Fee,2025-02,2025-02-01,0.0,Pooler Station,2025.0,February,False
Pooler Station - CRES,Partnership Professional Fees,2025-02,2025-02-01,-78.25882,Pooler Station,2025.0,February,True
Pooler Station - CRES,Asset Management Fees,2025-02,2025-02-01,74.83757,Pooler Station,2025.0,February,False
Pooler Station - CRES,Debt Service,2025-02,2025-02-01,-1561.0992200000003,Pooler Station,2025.0,February,True
Pooler Station - CRES,Other - Below Line,2025-02,2025-02-01,0.0,Pooler Station,2025.0,February,False
Pooler Station - CRES,Total Below Line,2025-02,2025-02-01,-1651.92658,Pooler Station,2025.0,February,True
Pooler Station - CRES,Renovations,2025-02,2025-02-01,0.0,Pooler Station,2025.0,February,False
Pooler Station - CRES,Monthly Cash Flow,2025-02,2025-02-01,-110.09744999999987,Pooler Station,2025.0,February,True
Heron on the Bluffs - CRES,Property Asking Rent,2025-02,2025-02-01,2298.5039999999995,Heron on the Bluffs,2025.0,February,False
Heron on the Bluffs - CRES,Loss to lease,2025-02,2025-02-01,-225.62424000000001,Heron on the Bluffs,2025.0,February,True
Heron on the Bluffs - CRES,Gross Scheduled Rent,2025-02,2025-02-01,2072.87976,Heron on the Bluffs,2025.0,February,False
Heron on the Bluffs - CRES,Vacancy,2025-02,2025-02-01,-155.79964,Heron on the Bluffs,2025.0,February,True
Heron on the Bluffs - CRES,Non Revenue Units,2025-02,2025-02-01,-29.05997,Heron on the Bluffs,2025.0,February,True
Heron on the Bluffs - CRES,Concessions,2025-02,2025-02-01,-37.550160000000005,Heron on the Bluffs,2025.0,February,True
Heron on the Bluffs - CRES,Delinquency,2025-02,2025-02-01,-37.87846,Heron on the Bluffs,2025.0,February,True
Heron on the Bluffs - CRES,Effective Rental Income,2025-02,2025-02-01,1812.59153,Heron on the Bluffs,2025.0,February,False
Heron on the Bluffs - CRES,Parking Garage Income,2025-02,2025-02-01,0.0,Heron on the Bluffs,2025.0,February,False
Heron on the Bluffs - CRES,Utility Income,2025-02,2025-02-01,9.667640000000002,Heron on the Bluffs,2025.0,February,False
Heron on the Bluffs - CRES,Other - Income,2025-02,2025-02-01,162.46052999999998,Heron on the Bluffs,2025.0,February,False
Heron on the Bluffs - CRES,Total Other Income,2025-02,2025-02-01,172.12817,Heron on the Bluffs,2025.0,February,False
Heron on the Bluffs - CRES,Net Eff. Gross Income,2025-02,2025-02-01,1984.7197,Heron on the Bluffs,2025.0,February,False
Heron on the Bluffs - CRES,General & Admin.,2025-02,2025-02-01,-94.81147000000001,Heron on the Bluffs,2025.0,February,True
Heron on the Bluffs - CRES,Management Fee,2025-02,2025-02-01,-59.94957000000001,Heron on the Bluffs,2025.0,February,True
Heron on the Bluffs - CRES,Payroll,2025-02,2025-02-01,-171.23739,Heron on the Bluffs,2025.0,February,True
Heron on the Bluffs - CRES,Insurance,2025-02,2025-02-01,-166.87106,Heron on the Bluffs,2025.0,February,True
Heron on the Bluffs - CRES,Property Taxes,2025-02,2025-02-01,-238.33074,Heron on the Bluffs,2025.0,February,True
Heron on the Bluffs - CRES,Leasing & Marketing,2025-02,2025-02-01,-45.313959999999994,Heron on the Bluffs,2025.0,February,True
Heron on the Bluffs - CRES,Professional fees,2025-02,2025-02-01,0.0,Heron on the Bluffs,2025.0,February,False
Heron on the Bluffs - CRES,Landscaping,2025-02,2025-02-01,-41.38461,Heron on the Bluffs,2025.0,February,True
Heron on the Bluffs - CRES,Security & Life Safety,2025-02,2025-02-01,0.34987999999999975,Heron on the Bluffs,2025.0,February,False
Heron on the Bluffs - CRES,Repairs & Maintenance,2025-02,2025-02-01,-20.57067,Heron on the Bluffs,2025.0,February,True
Heron on the Bluffs - CRES,Unit T/O Refurbishment,2025-02,2025-02-01,-22.70365,Heron on the Bluffs,2025.0,February,True
Heron on the Bluffs - CRES,Utilities,2025-02,2025-02-01,-26.509399999999996,Heron on the Bluffs,2025.0,February,True
Heron on the Bluffs - CRES,Trash Removal,2025-02,2025-02-01,-29.856210000000004,Heron on the Bluffs,2025.0,February,True
Heron on the Bluffs - CRES,Miscellaneous,2025-02,2025-02-01,0.0,Heron on the Bluffs,2025.0,February,False
Heron on the Bluffs - CRES,Other - Expense,2025-02,2025-02-01,0.0,Heron on the Bluffs,2025.0,February,False
Heron on the Bluffs - CRES,Total Expense,2025-02,2025-02-01,-917.18885,Heron on the Bluffs,2025.0,February,True
Heron on the Bluffs - CRES,EBITDA (NOI),2025-02,2025-02-01,1067.53085,Heron on the Bluffs,2025.0,February,False
Heron on the Bluffs - CRES,Repl. Reserve Fund,2025-02,2025-02-01,-58.84828999999999,Heron on the Bluffs,2025.0,February,True
Heron on the Bluffs - CRES,State Franchise Fee,2025-02,2025-02-01,0.0,Heron on the Bluffs,2025.0,February,False
Heron on the Bluffs - CRES,Partnership Professional Fees,2025-02,2025-02-01,-18.573190000000004,Heron on the Bluffs,2025.0,February,True
Heron on the Bluffs - CRES,Asset Management Fees,2025-02,2025-02-01,-19.98318,Heron on the Bluffs,2025.0,February,True
Heron on the Bluffs - CRES,Debt Service,2025-02,2025-02-01,0.0,Heron on the Bluffs,2025.0,February,False
Heron on the Bluffs - CRES,Other - Below Line,2025-02,2025-02-01,0.0,Heron on the Bluffs,2025.0,February,False
Heron on the Bluffs - CRES,Total Below Line,2025-02,2025-02-01,-97.40466,Heron on the Bluffs,2025.0,February,True
Heron on the Bluffs - CRES,Renovations,2025-02,2025-02-01,0.0,Heron on the Bluffs,2025.0,February,False
Heron on the Bluffs - CRES,Monthly Cash Flow,2025-02,2025-02-01,970.1261900000001,Heron on the Bluffs,2025.0,February,False
Osprey on the Bluffs - CRES,Property Asking Rent,2025-02,2025-02-01,3228.3840000000005,Osprey on the Bluffs,2025.0,February,False
Osprey on the Bluffs - CRES,Loss to lease,2025-02,2025-02-01,-249.19815999999997,Osprey on the Bluffs,2025.0,February,True
Osprey on the Bluffs - CRES,Gross Scheduled Rent,2025-02,2025-02-01,2979.1858399999996,Osprey on the Bluffs,2025.0,February,False
Osprey on the Bluffs - CRES,Vacancy,2025-02,2025-02-01,-310.39638999999994,Osprey on the Bluffs,2025.0,February,True
Osprey on the Bluffs - CRES,Non Revenue Units,2025-02,2025-02-01,-67.10086,Osprey on the Bluffs,2025.0,February,True
Osprey on the Bluffs - CRES,Concessions,2025-02,2025-02-01,-44.31,Osprey on the Bluffs,2025.0,February,True
Osprey on the Bluffs - CRES,Delinquency,2025-02,2025-02-01,-97.85481,Osprey on the Bluffs,2025.0,February,True
Osprey on the Bluffs - CRES,Effective Rental Income,2025-02,2025-02-01,2459.5237799999995,Osprey on the Bluffs,2025.0,February,False
Osprey on the Bluffs - CRES,Parking Garage Income,2025-02,2025-02-01,0.0,Osprey on the Bluffs,2025.0,February,False
Osprey on the Bluffs - CRES,Utility Income,2025-02,2025-02-01,16.1449,Osprey on the Bluffs,2025.0,February,False
Osprey on the Bluffs - CRES,Other - Income,2025-02,2025-02-01,264.34544999999997,Osprey on the Bluffs,2025.0,February,False
Osprey on the Bluffs - CRES,Total Other Income,2025-02,2025-02-01,280.49035,Osprey on the Bluffs,2025.0,February,False
Osprey on the Bluffs - CRES,Net Eff. Gross Income,2025-02,2025-02-01,2740.0141299999996,Osprey on the Bluffs,2025.0,February,False
Osprey on the Bluffs - CRES,General & Admin.,2025-02,2025-02-01,-107.98032,Osprey on the Bluffs,2025.0,February,True
Osprey on the Bluffs - CRES,Management Fee,2025-02,2025-02-01,-83.92085999999999,Osprey on the Bluffs,2025.0,February,True
Osprey on the Bluffs - CRES,Payroll,2025-02,2025-02-01,-290.82926,Osprey on the Bluffs,2025.0,February,True
Osprey on the Bluffs - CRES,Insurance,2025-02,2025-02-01,-250.30666,Osprey on the Bluffs,2025.0,February,True
Osprey on the Bluffs - CRES,Property Taxes,2025-02,2025-02-01,-260.08636,Osprey on the Bluffs,2025.0,February,True
Osprey on the Bluffs - CRES,Leasing & Marketing,2025-02,2025-02-01,-57.81351000000001,Osprey on the Bluffs,2025.0,February,True
Osprey on the Bluffs - CRES,Professional fees,2025-02,2025-02-01,0.0,Osprey on the Bluffs,2025.0,February,False
Osprey on the Bluffs - CRES,Landscaping,2025-02,2025-02-01,-44.834,Osprey on the Bluffs,2025.0,February,True
Osprey on the Bluffs - CRES,Security & Life Safety,2025-02,2025-02-01,-5.893189999999999,Osprey on the Bluffs,2025.0,February,True
Osprey on the Bluffs - CRES,Repairs & Maintenance,2025-02,2025-02-01,-31.06976,Osprey on the Bluffs,2025.0,February,True
Osprey on the Bluffs - CRES,Unit T/O Refurbishment,2025-02,2025-02-01,-27.363889999999998,Osprey on the Bluffs,2025.0,February,True
Osprey on the Bluffs - CRES,Utilities,2025-02,2025-02-01,-43.793479999999995,Osprey on the Bluffs,2025.0,February,True
Osprey on the Bluffs - CRES,Trash Removal,2025-02,2025-02-01,-56.11858,Osprey on the Bluffs,2025.0,February,True
Osprey on the Bluffs - CRES,Miscellaneous,2025-02,2025-02-01,0.0,Osprey on the Bluffs,2025.0,February,False
Osprey on the Bluffs - CRES,Other - Expense,2025-02,2025-02-01,0.0,Osprey on the Bluffs,2025.0,February,False
Osprey on the Bluffs - CRES,Total Expense,2025-02,2025-02-01,-1260.0098699999999,Osprey on the Bluffs,2025.0,February,True
Osprey on the Bluffs - CRES,EBITDA (NOI),2025-02,2025-02-01,1480.0042599999997,Osprey on the Bluffs,2025.0,February,False
Osprey on the Bluffs - CRES,Repl. Reserve Fund,2025-02,2025-02-01,-152.56483000000003,Osprey on the Bluffs,2025.0,February,True
Osprey on the Bluffs - CRES,State Franchise Fee,2025-02,2025-02-01,0.0,Osprey on the Bluffs,2025.0,February,False
Osprey on the Bluffs - CRES,Partnership Professional Fees,2025-02,2025-02-01,-26.70327,Osprey on the Bluffs,2025.0,February,True
Osprey on the Bluffs - CRES,Asset Management Fees,2025-02,2025-02-01,-27.97362,Osprey on the Bluffs,2025.0,February,True
Osprey on the Bluffs - CRES,Debt Service,2025-02,2025-02-01,0.0,Osprey on the Bluffs,2025.0,February,False
Osprey on the Bluffs - CRES,Other - Below Line,2025-02,2025-02-01,0.0,Osprey on the Bluffs,2025.0,February,False
Osprey on the Bluffs - CRES,Total Below Line,2025-02,2025-02-01,-207.24172000000002,Osprey on the Bluffs,2025.0,February,True
Osprey on the Bluffs - CRES,Renovations,2025-02,2025-02-01,0.0,Osprey on the Bluffs,2025.0,February,False
Osprey on the Bluffs - CRES,Monthly Cash Flow,2025-02,2025-02-01,1272.76254,Osprey on the Bluffs,2025.0,February,False
The Pynes - CRES,Property Asking Rent,2025-02,2025-02-01,5011.85,The Pynes,2025.0,February,False
The Pynes - CRES,Loss to lease,2025-02,2025-02-01,-767.9344600000001,The Pynes,2025.0,February,True
The Pynes - CRES,Gross Scheduled Rent,2025-02,2025-02-01,4243.91554,The Pynes,2025.0,February,False
The Pynes - CRES,Vacancy,2025-02,2025-02-01,-882.9604,The Pynes,2025.0,February,True
The Pynes - CRES,Non Revenue Units,2025-02,2025-02-01,-219.39828999999997,The Pynes,2025.0,February,True
The Pynes - CRES,Concessions,2025-02,2025-02-01,-73.05813,The Pynes,2025.0,February,True
The Pynes - CRES,Delinquency,2025-02,2025-02-01,-535.4953599999999,The Pynes,2025.0,February,True
The Pynes - CRES,Effective Rental Income,2025-02,2025-02-01,2533.0033599999997,The Pynes,2025.0,February,False
The Pynes - CRES,Parking Garage Income,2025-02,2025-02-01,0.0,The Pynes,2025.0,February,False
The Pynes - CRES,Utility Income,2025-02,2025-02-01,129.19607000000002,The Pynes,2025.0,February,False
The Pynes - CRES,Other - Income,2025-02,2025-02-01,537.34916,The Pynes,2025.0,February,False
The Pynes - CRES,Total Other Income,2025-02,2025-02-01,666.5452300000001,The Pynes,2025.0,February,False
The Pynes - CRES,Net Eff. Gross Income,2025-02,2025-02-01,3199.54859,The Pynes,2025.0,February,False
The Pynes - CRES,General & Admin.,2025-02,2025-02-01,-165.48631,The Pynes,2025.0,February,True
The Pynes - CRES,Management Fee,2025-02,2025-02-01,-92.92733000000001,The Pynes,2025.0,February,True
The Pynes - CRES,Payroll,2025-02,2025-02-01,-522.6460499999998,The Pynes,2025.0,February,True
The Pynes - CRES,Insurance,2025-02,2025-02-01,-210.63655000000006,The Pynes,2025.0,February,True
The Pynes - CRES,Property Taxes,2025-02,2025-02-01,-419.952,The Pynes,2025.0,February,True
The Pynes - CRES,Leasing & Marketing,2025-02,2025-02-01,-62.06323,The Pynes,2025.0,February,True
The Pynes - CRES,Professional fees,2025-02,2025-02-01,0.0,The Pynes,2025.0,February,False
The Pynes - CRES,Landscaping,2025-02,2025-02-01,-35.39499,The Pynes,2025.0,February,True
The Pynes - CRES,Security & Life Safety,2025-02,2025-02-01,-58.52163000000001,The Pynes,2025.0,February,True
The Pynes - CRES,Repairs & Maintenance,2025-02,2025-02-01,-100.30963,The Pynes,2025.0,February,True
The Pynes - CRES,Unit T/O Refurbishment,2025-02,2025-02-01,-50.81684,The Pynes,2025.0,February,True
The Pynes - CRES,Utilities,2025-02,2025-02-01,-288.54485,The Pynes,2025.0,February,True
The Pynes - CRES,Trash Removal,2025-02,2025-02-01,-94.30781,The Pynes,2025.0,February,True
The Pynes - CRES,Miscellaneous,2025-02,2025-02-01,0.0,The Pynes,2025.0,February,False
The Pynes - CRES,Other - Expense,2025-02,2025-02-01,0.0,The Pynes,2025.0,February,False
The Pynes - CRES,Total Expense,2025-02,2025-02-01,-2101.60722,The Pynes,2025.0,February,True
The Pynes - CRES,EBITDA (NOI),2025-02,2025-02-01,1097.94137,The Pynes,2025.0,February,False
The Pynes - CRES,Repl. Reserve Fund,2025-02,2025-02-01,-108.34508000000001,The Pynes,2025.0,February,True
The Pynes - CRES,State Franchise Fee,2025-02,2025-02-01,0.0,The Pynes,2025.0,February,False
The Pynes - CRES,Partnership Professional Fees,2025-02,2025-02-01,-131.2687,The Pynes,2025.0,February,True
The Pynes - CRES,Asset Management Fees,2025-02,2025-02-01,-30.975779999999993,The Pynes,2025.0,February,True
The Pynes - CRES,Debt Service,2025-02,2025-02-01,-1102.2105000000001,The Pynes,2025.0,February,True
The Pynes - CRES,Other - Below Line,2025-02,2025-02-01,0.0,The Pynes,2025.0,February,False
The Pynes - CRES,Total Below Line,2025-02,2025-02-01,-1372.80006,The Pynes,2025.0,February,True
The Pynes - CRES,Renovations,2025-02,2025-02-01,0.0,The Pynes,2025.0,February,False
The Pynes - CRES,Monthly Cash Flow,2025-02,2025-02-01,-274.85869000000014,The Pynes,2025.0,February,True
Bridgewater Apartments - CRES,Property Asking Rent,2025-02,2025-02-01,6861.072000000001,Bridgewater Apartments,2025.0,February,False
Bridgewater Apartments - CRES,Loss to lease,2025-02,2025-02-01,-346.592,Bridgewater Apartments,2025.0,February,True
Bridgewater Apartments - CRES,Gross Scheduled Rent,2025-02,2025-02-01,6514.48,Bridgewater Apartments,2025.0,February,False
Bridgewater Apartments - CRES,Vacancy,2025-02,2025-02-01,-623.9401799999999,Bridgewater Apartments,2025.0,February,True
Bridgewater Apartments - CRES,Non Revenue Units,2025-02,2025-02-01,-64.159,Bridgewater Apartments,2025.0,February,True
Bridgewater Apartments - CRES,Concessions,2025-02,2025-02-01,-109.6804,Bridgewater Apartments,2025.0,February,True
Bridgewater Apartments - CRES,Delinquency,2025-02,2025-02-01,-276.60945000000004,Bridgewater Apartments,2025.0,February,True
Bridgewater Apartments - CRES,Effective Rental Income,2025-02,2025-02-01,5440.090969999999,Bridgewater Apartments,2025.0,February,False
Bridgewater Apartments - CRES,Parking Garage Income,2025-02,2025-02-01,0.0,Bridgewater Apartments,2025.0,February,False
Bridgewater Apartments - CRES,Utility Income,2025-02,2025-02-01,131.56685000000002,Bridgewater Apartments,2025.0,February,False
Bridgewater Apartments - CRES,Other - Income,2025-02,2025-02-01,607.56533,Bridgewater Apartments,2025.0,February,False
Bridgewater Apartments - CRES,Total Other Income,2025-02,2025-02-01,739.1321800000001,Bridgewater Apartments,2025.0,February,False
Bridgewater Apartments - CRES,Net Eff. Gross Income,2025-02,2025-02-01,6179.223149999999,Bridgewater Apartments,2025.0,February,False
Bridgewater Apartments - CRES,General & Admin.,2025-02,2025-02-01,-127.78062,Bridgewater Apartments,2025.0,February,True
Bridgewater Apartments - CRES,Management Fee,2025-02,2025-02-01,-151.8647,Bridgewater Apartments,2025.0,February,True
Bridgewater Apartments - CRES,Payroll,2025-02,2025-02-01,-497.11857999999995,Bridgewater Apartments,2025.0,February,True
Bridgewater Apartments - CRES,Insurance,2025-02,2025-02-01,-656.6454899999999,Bridgewater Apartments,2025.0,February,True
Bridgewater Apartments - CRES,Property Taxes,2025-02,2025-02-01,-745.6356599999999,Bridgewater Apartments,2025.0,February,True
Bridgewater Apartments - CRES,Leasing & Marketing,2025-02,2025-02-01,-68.1985,Bridgewater Apartments,2025.0,February,True
Bridgewater Apartments - CRES,Professional fees,2025-02,2025-02-01,0.0,Bridgewater Apartments,2025.0,February,False
Bridgewater Apartments - CRES,Landscaping,2025-02,2025-02-01,-91.27878999999999,Bridgewater Apartments,2025.0,February,True
Bridgewater Apartments - CRES,Security & Life Safety,2025-02,2025-02-01,-20.13216,Bridgewater Apartments,2025.0,February,True
Bridgewater Apartments - CRES,Repairs & Maintenance,2025-02,2025-02-01,-160.44617999999997,Bridgewater Apartments,2025.0,February,True
Bridgewater Apartments - CRES,Unit T/O Refurbishment,2025-02,2025-02-01,-109.04254999999998,Bridgewater Apartments,2025.0,February,True
Bridgewater Apartments - CRES,Utilities,2025-02,2025-02-01,-161.35416,Bridgewater Apartments,2025.0,February,True
Bridgewater Apartments - CRES,Trash Removal,2025-02,2025-02-01,-126.31467,Bridgewater Apartments,2025.0,February,True
Bridgewater Apartments - CRES,Miscellaneous,2025-02,2025-02-01,0.0,Bridgewater Apartments,2025.0,February,False
Bridgewater Apartments - CRES,Other - Expense,2025-02,2025-02-01,0.0,Bridgewater Apartments,2025.0,February,False
Bridgewater Apartments - CRES,Total Expense,2025-02,2025-02-01,-2915.81206,Bridgewater Apartments,2025.0,February,True
Bridgewater Apartments - CRES,EBITDA (NOI),2025-02,2025-02-01,3263.4110899999987,Bridgewater Apartments,2025.0,February,False
Bridgewater Apartments - CRES,Repl. Reserve Fund,2025-02,2025-02-01,-316.79738000000003,Bridgewater Apartments,2025.0,February,True
Bridgewater Apartments - CRES,State Franchise Fee,2025-02,2025-02-01,0.0,Bridgewater Apartments,2025.0,February,False
Bridgewater Apartments - CRES,Partnership Professional Fees,2025-02,2025-02-01,-102.74545000000002,Bridgewater Apartments,2025.0,February,True
Bridgewater Apartments - CRES,Asset Management Fees,2025-02,2025-02-01,-91.11882999999999,Bridgewater Apartments,2025.0,February,True
Bridgewater Apartments - CRES,Debt Service,2025-02,2025-02-01,-2450.7990500000005,Bridgewater Apartments,2025.0,February,True
Bridgewater Apartments - CRES,Other - Below Line,2025-02,2025-02-01,0.0,Bridgewater Apartments,2025.0,February,False
Bridgewater Apartments - CRES,Total Below Line,2025-02,2025-02-01,-2961.46071,Bridgewater Apartments,2025.0,February,True
Bridgewater Apartments - CRES,Renovations,2025-02,2025-02-01,0.0,Bridgewater Apartments,2025.0,February,False
Bridgewater Apartments - CRES,Monthly Cash Flow,2025-02,2025-02-01,301.95037999999954,Bridgewater Apartments,2025.0,February,False
Perse Apartments - CRES,Property Asking Rent,2025-02,2025-02-01,9711.359999999999,Perse Apartments,2025.0,February,False
Perse Apartments - CRES,Loss to lease,2025-02,2025-02-01,-1235.283,Perse Apartments,2025.0,February,True
Perse Apartments - CRES,Gross Scheduled Rent,2025-02,2025-02-01,8476.077,Perse Apartments,2025.0,February,False
Perse Apartments - CRES,Vacancy,2025-02,2025-02-01,-665.44607,Perse Apartments,2025.0,February,True
Perse Apartments - CRES,Non Revenue Units,2025-02,2025-02-01,-79.32538,Perse Apartments,2025.0,February,True
Perse Apartments - CRES,Concessions,2025-02,2025-02-01,-165.13147,Perse Apartments,2025.0,February,True
Perse Apartments - CRES,Delinquency,2025-02,2025-02-01,-82.42863,Perse Apartments,2025.0,February,True
Perse Apartments - CRES,Effective Rental Income,2025-02,2025-02-01,7483.745449999999,Perse Apartments,2025.0,February,False
Perse Apartments - CRES,Parking Garage Income,2025-02,2025-02-01,0.0,Perse Apartments,2025.0,February,False
Perse Apartments - CRES,Utility Income,2025-02,2025-02-01,197.78250000000003,Perse Apartments,2025.0,February,False
Perse Apartments - CRES,Other - Income,2025-02,2025-02-01,578.24029,Perse Apartments,2025.0,February,False
Perse Apartments - CRES,Total Other Income,2025-02,2025-02-01,776.0227900000002,Perse Apartments,2025.0,February,False
Perse Apartments - CRES,Net Eff. Gross Income,2025-02,2025-02-01,8259.76824,Perse Apartments,2025.0,February,False
Perse Apartments - CRES,General & Admin.,2025-02,2025-02-01,-213.86756999999994,Perse Apartments,2025.0,February,True
Perse Apartments - CRES,Management Fee,2025-02,2025-02-01,-241.61144000000002,Perse Apartments,2025.0,February,True
Perse Apartments - CRES,Payroll,2025-02,2025-02-01,-588.4145700000001,Perse Apartments,2025.0,February,True
Perse Apartments - CRES,Insurance,2025-02,2025-02-01,-476.96158,Perse Apartments,2025.0,February,True
Perse Apartments - CRES,Property Taxes,2025-02,2025-02-01,-968.7600799999999,Perse Apartments,2025.0,February,True
Perse Apartments - CRES,Leasing & Marketing,2025-02,2025-02-01,-72.76387000000001,Perse Apartments,2025.0,February,True
Perse Apartments - CRES,Professional fees,2025-02,2025-02-01,0.0,Perse Apartments,2025.0,February,False
Perse Apartments - CRES,Landscaping,2025-02,2025-02-01,-65.3777,Perse Apartments,2025.0,February,True
Perse Apartments - CRES,Security & Life Safety,2025-02,2025-02-01,-17.85528,Perse Apartments,2025.0,February,True
Perse Apartments - CRES,Repairs & Maintenance,2025-02,2025-02-01,-63.31144,Perse Apartments,2025.0,February,True
Perse Apartments - CRES,Unit T/O Refurbishment,2025-02,2025-02-01,-49.76936,Perse Apartments,2025.0,February,True
Perse Apartments - CRES,Utilities,2025-02,2025-02-01,-242.77605999999997,Perse Apartments,2025.0,February,True
Perse Apartments - CRES,Trash Removal,2025-02,2025-02-01,-212.34645999999995,Perse Apartments,2025.0,February,True
Perse Apartments - CRES,Miscellaneous,2025-02,2025-02-01,0.0,Perse Apartments,2025.0,February,False
Perse Apartments - CRES,Other - Expense,2025-02,2025-02-01,0.0,Perse Apartments,2025.0,February,False
Perse Apartments - CRES,Total Expense,2025-02,2025-02-01,-3213.81541,Perse Apartments,2025.0,February,True
Perse Apartments - CRES,EBITDA (NOI),2025-02,2025-02-01,5045.952829999999,Perse Apartments,2025.0,February,False
Perse Apartments - CRES,Repl. Reserve Fund,2025-02,2025-02-01,-218.8552,Perse Apartments,2025.0,February,True
Perse Apartments - CRES,State Franchise Fee,2025-02,2025-02-01,0.0,Perse Apartments,2025.0,February,False
Perse Apartments - CRES,Partnership Professional Fees,2025-02,2025-02-01,-190.3235,Perse Apartments,2025.0,February,True
Perse Apartments - CRES,Asset Management Fees,2025-02,2025-02-01,-80.53714000000001,Perse Apartments,2025.0,February,True
Perse Apartments - CRES,Debt Service,2025-02,2025-02-01,-5326.5271,Perse Apartments,2025.0,February,True
Perse Apartments - CRES,Other - Below Line,2025-02,2025-02-01,0.0,Perse Apartments,2025.0,February,False
Perse Apartments - CRES,Total Below Line,2025-02,2025-02-01,-5816.24294,Perse Apartments,2025.0,February,True
Perse Apartments - CRES,Renovations,2025-02,2025-02-01,0.0,Perse Apartments,2025.0,February,False
Perse Apartments - CRES,Monthly Cash Flow,2025-02,2025-02-01,-770.2901100000008,Perse Apartments,2025.0,February,True
Art 88 Apartments - CRES,Property Asking Rent,2025-02,2025-02-01,8402.644999999999,Art 88 Apartments,2025.0,February,False
Art 88 Apartments - CRES,Loss to lease,2025-02,2025-02-01,-332.7025,Art 88 Apartments,2025.0,February,True
Art 88 Apartments - CRES,Gross Scheduled Rent,2025-02,2025-02-01,8069.942499999999,Art 88 Apartments,2025.0,February,False
Art 88 Apartments - CRES,Vacancy,2025-02,2025-02-01,-679.3761400000001,Art 88 Apartments,2025.0,February,True
Art 88 Apartments - CRES,Non Revenue Units,2025-02,2025-02-01,-68.1377,Art 88 Apartments,2025.0,February,True
Art 88 Apartments - CRES,Concessions,2025-02,2025-02-01,-45.46287,Art 88 Apartments,2025.0,February,True
Art 88 Apartments - CRES,Delinquency,2025-02,2025-02-01,-24.349019999999992,Art 88 Apartments,2025.0,February,True
Art 88 Apartments - CRES,Effective Rental Income,2025-02,2025-02-01,7252.61677,Art 88 Apartments,2025.0,February,False
Art 88 Apartments - CRES,Parking Garage Income,2025-02,2025-02-01,0.03500000000000003,Art 88 Apartments,2025.0,February,False
Art 88 Apartments - CRES,Utility Income,2025-02,2025-02-01,131.19638,Art 88 Apartments,2025.0,February,False
Art 88 Apartments - CRES,Other - Income,2025-02,2025-02-01,252.06265,Art 88 Apartments,2025.0,February,False
Art 88 Apartments - CRES,Total Other Income,2025-02,2025-02-01,383.29402999999996,Art 88 Apartments,2025.0,February,False
Art 88 Apartments - CRES,Net Eff. Gross Income,2025-02,2025-02-01,7635.9108,Art 88 Apartments,2025.0,February,False
Art 88 Apartments - CRES,General & Admin.,2025-02,2025-02-01,-107.43916,Art 88 Apartments,2025.0,February,True
Art 88 Apartments - CRES,Management Fee,2025-02,2025-02-01,-226.59207,Art 88 Apartments,2025.0,February,True
Art 88 Apartments - CRES,Payroll,2025-02,2025-02-01,-537.9365899999999,Art 88 Apartments,2025.0,February,True
Art 88 Apartments - CRES,Insurance,2025-02,2025-02-01,-611.3145,Art 88 Apartments,2025.0,February,True
Art 88 Apartments - CRES,Property Taxes,2025-02,2025-02-01,-1149.44213,Art 88 Apartments,2025.0,February,True
Art 88 Apartments - CRES,Leasing & Marketing,2025-02,2025-02-01,-53.73289999999999,Art 88 Apartments,2025.0,February,True
Art 88 Apartments - CRES,Professional fees,2025-02,2025-02-01,0.0,Art 88 Apartments,2025.0,February,False
Art 88 Apartments - CRES,Landscaping,2025-02,2025-02-01,-65.46647999999999,Art 88 Apartments,2025.0,February,True
Art 88 Apartments - CRES,Security & Life Safety,2025-02,2025-02-01,-35.760059999999996,Art 88 Apartments,2025.0,February,True
Art 88 Apartments - CRES,Repairs & Maintenance,2025-02,2025-02-01,-113.43139000000001,Art 88 Apartments,2025.0,February,True
Art 88 Apartments - CRES,Unit T/O Refurbishment,2025-02,2025-02-01,-12.705550000000002,Art 88 Apartments,2025.0,February,True
Art 88 Apartments - CRES,Utilities,2025-02,2025-02-01,-259.45099000000005,Art 88 Apartments,2025.0,February,True
Art 88 Apartments - CRES,Trash Removal,2025-02,2025-02-01,-93.62327,Art 88 Apartments,2025.0,February,True
Art 88 Apartments - CRES,Miscellaneous,2025-02,2025-02-01,0.0,Art 88 Apartments,2025.0,February,False
Art 88 Apartments - CRES,Other - Expense,2025-02,2025-02-01,0.0,Art 88 Apartments,2025.0,February,False
Art 88 Apartments - CRES,Total Expense,2025-02,2025-02-01,-3266.89509,Art 88 Apartments,2025.0,February,True
Art 88 Apartments - CRES,EBITDA (NOI),2025-02,2025-02-01,4369.01571,Art 88 Apartments,2025.0,February,False
Art 88 Apartments - CRES,Repl. Reserve Fund,2025-02,2025-02-01,-478.2567299999999,Art 88 Apartments,2025.0,February,True
Art 88 Apartments - CRES,State Franchise Fee,2025-02,2025-02-01,0.0,Art 88 Apartments,2025.0,February,False
Art 88 Apartments - CRES,Partnership Professional Fees,2025-02,2025-02-01,-662.4130499999999,Art 88 Apartments,2025.0,February,True
Art 88 Apartments - CRES,Asset Management Fees,2025-02,2025-02-01,-78.15468,Art 88 Apartments,2025.0,February,True
Art 88 Apartments - CRES,Debt Service,2025-02,2025-02-01,-4368.381050000001,Art 88 Apartments,2025.0,February,True
Art 88 Apartments - CRES,Other - Below Line,2025-02,2025-02-01,0.0,Art 88 Apartments,2025.0,February,False
Art 88 Apartments - CRES,Total Below Line,2025-02,2025-02-01,-5587.20551,Art 88 Apartments,2025.0,February,True
Art 88 Apartments - CRES,Renovations,2025-02,2025-02-01,0.0,Art 88 Apartments,2025.0,February,False
Art 88 Apartments - CRES,Monthly Cash Flow,2025-02,2025-02-01,-1218.1898,Art 88 Apartments,2025.0,February,True
Trailpoint  - CRES,Property Asking Rent,2025-02,2025-02-01,3723.8700000000003,Trailpoint,2025.0,February,False
Trailpoint  - CRES,Loss to lease,2025-02,2025-02-01,-222.87108,Trailpoint,2025.0,February,True
Trailpoint  - CRES,Gross Scheduled Rent,2025-02,2025-02-01,3500.998919999999,Trailpoint,2025.0,February,False
Trailpoint  - CRES,Vacancy,2025-02,2025-02-01,-274.21208,Trailpoint,2025.0,February,True
Trailpoint  - CRES,Non Revenue Units,2025-02,2025-02-01,-76.68515000000001,Trailpoint,2025.0,February,True
Trailpoint  - CRES,Concessions,2025-02,2025-02-01,-60.38709,Trailpoint,2025.0,February,True
Trailpoint  - CRES,Delinquency,2025-02,2025-02-01,-214.36676,Trailpoint,2025.0,February,True
Trailpoint  - CRES,Effective Rental Income,2025-02,2025-02-01,2875.34784,Trailpoint,2025.0,February,False
Trailpoint  - CRES,Parking Garage Income,2025-02,2025-02-01,6.4335,Trailpoint,2025.0,February,False
Trailpoint  - CRES,Utility Income,2025-02,2025-02-01,116.53179,Trailpoint,2025.0,February,False
Trailpoint  - CRES,Other - Income,2025-02,2025-02-01,227.11387,Trailpoint,2025.0,February,False
Trailpoint  - CRES,Total Other Income,2025-02,2025-02-01,350.0791599999999,Trailpoint,2025.0,February,False
Trailpoint  - CRES,Net Eff. Gross Income,2025-02,2025-02-01,3225.427,Trailpoint,2025.0,February,False
Trailpoint  - CRES,General & Admin.,2025-02,2025-02-01,-83.41526999999999,Trailpoint,2025.0,February,True
Trailpoint  - CRES,Management Fee,2025-02,2025-02-01,-96.81372,Trailpoint,2025.0,February,True
Trailpoint  - CRES,Payroll,2025-02,2025-02-01,-446.2965399999999,Trailpoint,2025.0,February,True
Trailpoint  - CRES,Insurance,2025-02,2025-02-01,-158.40154999999993,Trailpoint,2025.0,February,True
Trailpoint  - CRES,Property Taxes,2025-02,2025-02-01,-165.2434,Trailpoint,2025.0,February,True
Trailpoint  - CRES,Leasing & Marketing,2025-02,2025-02-01,-73.60025999999999,Trailpoint,2025.0,February,True
Trailpoint  - CRES,Professional fees,2025-02,2025-02-01,0.0,Trailpoint,2025.0,February,False
Trailpoint  - CRES,Landscaping,2025-02,2025-02-01,-20.09102,Trailpoint,2025.0,February,True
Trailpoint  - CRES,Security & Life Safety,2025-02,2025-02-01,-10.635249999999997,Trailpoint,2025.0,February,True
Trailpoint  - CRES,Repairs & Maintenance,2025-02,2025-02-01,-54.4262,Trailpoint,2025.0,February,True
Trailpoint  - CRES,Unit T/O Refurbishment,2025-02,2025-02-01,-22.632469999999998,Trailpoint,2025.0,February,True
Trailpoint  - CRES,Utilities,2025-02,2025-02-01,-147.01346,Trailpoint,2025.0,February,True
Trailpoint  - CRES,Trash Removal,2025-02,2025-02-01,-29.77744,Trailpoint,2025.0,February,True
Trailpoint  - CRES,Miscellaneous,2025-02,2025-02-01,0.0,Trailpoint,2025.0,February,False
Trailpoint  - CRES,Other - Expense,2025-02,2025-02-01,0.0,Trailpoint,2025.0,February,False
Trailpoint  - CRES,Total Expense,2025-02,2025-02-01,-1308.3465800000001,Trailpoint,2025.0,February,True
Trailpoint  - CRES,EBITDA (NOI),2025-02,2025-02-01,1917.08042,Trailpoint,2025.0,February,False
Trailpoint  - CRES,Repl. Reserve Fund,2025-02,2025-02-01,-219.69634,Trailpoint,2025.0,February,True
Trailpoint  - CRES,State Franchise Fee,2025-02,2025-02-01,0.0,Trailpoint,2025.0,February,False
Trailpoint  - CRES,Partnership Professional Fees,2025-02,2025-02-01,-41.80016,Trailpoint,2025.0,February,True
Trailpoint  - CRES,Asset Management Fees,2025-02,2025-02-01,-32.27124,Trailpoint,2025.0,February,True
Trailpoint  - CRES,Debt Service,2025-02,2025-02-01,-1461.7151399999998,Trailpoint,2025.0,February,True
Trailpoint  - CRES,Other - Below Line,2025-02,2025-02-01,0.0,Trailpoint,2025.0,February,False
Trailpoint  - CRES,Total Below Line,2025-02,2025-02-01,-1755.48288,Trailpoint,2025.0,February,True
Trailpoint  - CRES,Renovations,2025-02,2025-02-01,0.0,Trailpoint,2025.0,February,False
Trailpoint  - CRES,Monthly Cash Flow,2025-02,2025-02-01,161.59753999999973,Trailpoint,2025.0,February,False
Laurel Grove - CRES,Property Asking Rent,2025-04,2025-04-01,6176.435999999998,Laurel Grove,2025.0,April,False
Laurel Grove - CRES,Loss to lease,2025-04,2025-04-01,-65.49165000000002,Laurel Grove,2025.0,April,True
Laurel Grove - CRES,Gross Scheduled Rent,2025-04,2025-04-01,6110.94435,Laurel Grove,2025.0,April,False
Laurel Grove - CRES,Vacancy,2025-04,2025-04-01,-784.83534,Laurel Grove,2025.0,April,True
Laurel Grove - CRES,Non Revenue Units,2025-04,2025-04-01,-142.53587,Laurel Grove,2025.0,April,True
Laurel Grove - CRES,Concessions,2025-04,2025-04-01,-204.742,Laurel Grove,2025.0,April,True
Laurel Grove - CRES,Delinquency,2025-04,2025-04-01,-542.80507,Laurel Grove,2025.0,April,True
Laurel Grove - CRES,Effective Rental Income,2025-04,2025-04-01,4436.026069999999,Laurel Grove,2025.0,April,False
Laurel Grove - CRES,Parking Garage Income,2025-04,2025-04-01,2.46423,Laurel Grove,2025.0,April,False
Laurel Grove - CRES,Utility Income,2025-04,2025-04-01,742.85888,Laurel Grove,2025.0,April,False
Laurel Grove - CRES,Other - Income,2025-04,2025-04-01,602.3984800000001,Laurel Grove,2025.0,April,False
Laurel Grove - CRES,Total Other Income,2025-04,2025-04-01,1347.7215899999999,Laurel Grove,2025.0,April,False
Laurel Grove - CRES,Net Eff. Gross Income,2025-04,2025-04-01,5783.74766,Laurel Grove,2025.0,April,False
Laurel Grove - CRES,General & Admin.,2025-04,2025-04-01,-549.32494,Laurel Grove,2025.0,April,True
Laurel Grove - CRES,Management Fee,2025-04,2025-04-01,-163.89737000000002,Laurel Grove,2025.0,April,True
Laurel Grove - CRES,Payroll,2025-04,2025-04-01,-663.15363,Laurel Grove,2025.0,April,True
Laurel Grove - CRES,Insurance,2025-04,2025-04-01,-489.16084000000006,Laurel Grove,2025.0,April,True
Laurel Grove - CRES,Property Taxes,2025-04,2025-04-01,-1251.7779599999997,Laurel Grove,2025.0,April,True
Laurel Grove - CRES,Leasing & Marketing,2025-04,2025-04-01,-95.96893000000001,Laurel Grove,2025.0,April,True
Laurel Grove - CRES,Professional fees,2025-04,2025-04-01,0.0,Laurel Grove,2025.0,April,False
Laurel Grove - CRES,Landscaping,2025-04,2025-04-01,-64.63557999999999,Laurel Grove,2025.0,April,True
Laurel Grove - CRES,Security & Life Safety,2025-04,2025-04-01,-13.4119,Laurel Grove,2025.0,April,True
Laurel Grove - CRES,Repairs & Maintenance,2025-04,2025-04-01,-46.661429999999996,Laurel Grove,2025.0,April,True
Laurel Grove - CRES,Unit T/O Refurbishment,2025-04,2025-04-01,-46.80315000000001,Laurel Grove,2025.0,April,True
Laurel Grove - CRES,Utilities,2025-04,2025-04-01,-707.9633400000001,Laurel Grove,2025.0,April,True
Laurel Grove - CRES,Trash Removal,2025-04,2025-04-01,-139.90217,Laurel Grove,2025.0,April,True
Laurel Grove - CRES,Miscellaneous,2025-04,2025-04-01,0.0,Laurel Grove,2025.0,April,False
Laurel Grove - CRES,Other - Expense,2025-04,2025-04-01,0.0,Laurel Grove,2025.0,April,False
Laurel Grove - CRES,Total Expense,2025-04,2025-04-01,-4232.66124,Laurel Grove,2025.0,April,True
Laurel Grove - CRES,EBITDA (NOI),2025-04,2025-04-01,1551.0864199999996,Laurel Grove,2025.0,April,False
Laurel Grove - CRES,Repl. Reserve Fund,2025-04,2025-04-01,-144.84066,Laurel Grove,2025.0,April,True
Laurel Grove - CRES,State Franchise Fee,2025-04,2025-04-01,0.0,Laurel Grove,2025.0,April,False
Laurel Grove - CRES,Partnership Professional Fees,2025-04,2025-04-01,-193.10192,Laurel Grove,2025.0,April,True
Laurel Grove - CRES,Asset Management Fees,2025-04,2025-04-01,-54.63245,Laurel Grove,2025.0,April,True
Laurel Grove - CRES,Debt Service,2025-04,2025-04-01,-2264.7840100000003,Laurel Grove,2025.0,April,True
Laurel Grove - CRES,Other - Below Line,2025-04,2025-04-01,0.0,Laurel Grove,2025.0,April,False
Laurel Grove - CRES,Total Below Line,2025-04,2025-04-01,-2657.3590399999994,Laurel Grove,2025.0,April,True
Laurel Grove - CRES,Renovations,2025-04,2025-04-01,0.0,Laurel Grove,2025.0,April,False
Laurel Grove - CRES,Monthly Cash Flow,2025-04,2025-04-01,-1106.2726199999997,Laurel Grove,2025.0,April,True
Fieldstone Glen - CRES,Property Asking Rent,2025-02,2025-02-01,1204.51903,Fieldstone Glen,2025.0,February,False
Fieldstone Glen - CRES,Loss to lease,2025-02,2025-02-01,82.53899999999999,Fieldstone Glen,2025.0,February,False
Fieldstone Glen - CRES,Gross Scheduled Rent,2025-02,2025-02-01,1287.05803,Fieldstone Glen,2025.0,February,False
Fieldstone Glen - CRES,Vacancy,2025-02,2025-02-01,-105.17335999999999,Fieldstone Glen,2025.0,February,True
Fieldstone Glen - CRES,Non Revenue Units,2025-02,2025-02-01,-10.5488,Fieldstone Glen,2025.0,February,True
Fieldstone Glen - CRES,Concessions,2025-02,2025-02-01,-13.8045,Fieldstone Glen,2025.0,February,True
Fieldstone Glen - CRES,Delinquency,2025-02,2025-02-01,-21.670879999999997,Fieldstone Glen,2025.0,February,True
Fieldstone Glen - CRES,Effective Rental Income,2025-02,2025-02-01,1135.86049,Fieldstone Glen,2025.0,February,False
Fieldstone Glen - CRES,Parking Garage Income,2025-02,2025-02-01,6.3104000000000005,Fieldstone Glen,2025.0,February,False
Fieldstone Glen - CRES,Utility Income,2025-02,2025-02-01,0.63319,Fieldstone Glen,2025.0,February,False
Fieldstone Glen - CRES,Other - Income,2025-02,2025-02-01,190.32636,Fieldstone Glen,2025.0,February,False
Fieldstone Glen - CRES,Total Other Income,2025-02,2025-02-01,197.26995000000002,Fieldstone Glen,2025.0,February,False
Fieldstone Glen - CRES,Net Eff. Gross Income,2025-02,2025-02-01,1333.13044,Fieldstone Glen,2025.0,February,False
Fieldstone Glen - CRES,General & Admin.,2025-02,2025-02-01,-22.82551,Fieldstone Glen,2025.0,February,True
Fieldstone Glen - CRES,Management Fee,2025-02,2025-02-01,-32.003,Fieldstone Glen,2025.0,February,True
Fieldstone Glen - CRES,Payroll,2025-02,2025-02-01,-113.37701999999999,Fieldstone Glen,2025.0,February,True
Fieldstone Glen - CRES,Insurance,2025-02,2025-02-01,-71.50828000000001,Fieldstone Glen,2025.0,February,True
Fieldstone Glen - CRES,Property Taxes,2025-02,2025-02-01,-248.14618000000002,Fieldstone Glen,2025.0,February,True
Fieldstone Glen - CRES,Leasing & Marketing,2025-02,2025-02-01,-14.495610000000001,Fieldstone Glen,2025.0,February,True
Fieldstone Glen - CRES,Professional fees,2025-02,2025-02-01,0.0,Fieldstone Glen,2025.0,February,False
Fieldstone Glen - CRES,Landscaping,2025-02,2025-02-01,-11.588999999999999,Fieldstone Glen,2025.0,February,True
Fieldstone Glen - CRES,Security & Life Safety,2025-02,2025-02-01,-0.3,Fieldstone Glen,2025.0,February,True
Fieldstone Glen - CRES,Repairs & Maintenance,2025-02,2025-02-01,-5.50553,Fieldstone Glen,2025.0,February,True
Fieldstone Glen - CRES,Unit T/O Refurbishment,2025-02,2025-02-01,-6.3,Fieldstone Glen,2025.0,February,True
Fieldstone Glen - CRES,Utilities,2025-02,2025-02-01,-56.80509,Fieldstone Glen,2025.0,February,True
Fieldstone Glen - CRES,Trash Removal,2025-02,2025-02-01,-8.815370000000001,Fieldstone Glen,2025.0,February,True
Fieldstone Glen - CRES,Miscellaneous,2025-02,2025-02-01,0.0,Fieldstone Glen,2025.0,February,False
Fieldstone Glen - CRES,Other - Expense,2025-02,2025-02-01,0.0,Fieldstone Glen,2025.0,February,False
Fieldstone Glen - CRES,Total Expense,2025-02,2025-02-01,-591.6705900000001,Fieldstone Glen,2025.0,February,True
Fieldstone Glen - CRES,EBITDA (NOI),2025-02,2025-02-01,741.4598499999998,Fieldstone Glen,2025.0,February,False
Fieldstone Glen - CRES,Repl. Reserve Fund,2025-02,2025-02-01,-20.8042,Fieldstone Glen,2025.0,February,True
Fieldstone Glen - CRES,State Franchise Fee,2025-02,2025-02-01,0.0,Fieldstone Glen,2025.0,February,False
Fieldstone Glen - CRES,Partnership Professional Fees,2025-02,2025-02-01,-17.86514,Fieldstone Glen,2025.0,February,True
Fieldstone Glen - CRES,Asset Management Fees,2025-02,2025-02-01,-19.2018,Fieldstone Glen,2025.0,February,True
Fieldstone Glen - CRES,Debt Service,2025-02,2025-02-01,-479.12709000000007,Fieldstone Glen,2025.0,February,True
Fieldstone Glen - CRES,Other - Below Line,2025-02,2025-02-01,0.0,Fieldstone Glen,2025.0,February,False
Fieldstone Glen - CRES,Total Below Line,2025-02,2025-02-01,-536.9982299999999,Fieldstone Glen,2025.0,February,True
Fieldstone Glen - CRES,Renovations,2025-02,2025-02-01,0.0,Fieldstone Glen,2025.0,February,False
Fieldstone Glen - CRES,Monthly Cash Flow,2025-02,2025-02-01,204.46161999999987,Fieldstone Glen,2025.0,February,False
Ariel - CRES,Property Asking Rent,2025-04,2025-04-01,9133.333,Ariel,2025.0,April,False
Ariel - CRES,Loss to lease,2025-04,2025-04-01,-176.833,Ariel,2025.0,April,True
Ariel - CRES,Gross Scheduled Rent,2025-04,2025-04-01,8956.5,Ariel,2025.0,April,False
Ariel - CRES,Vacancy,2025-04,2025-04-01,-1474.976,Ariel,2025.0,April,True
Ariel - CRES,Non Revenue Units,2025-04,2025-04-01,-281.908,Ariel,2025.0,April,True
Ariel - CRES,Concessions,2025-04,2025-04-01,0.0,Ariel,2025.0,April,False
Ariel - CRES,Delinquency,2025-04,2025-04-01,-447.50600000000003,Ariel,2025.0,April,True
Ariel - CRES,Effective Rental Income,2025-04,2025-04-01,6752.109999999999,Ariel,2025.0,April,False
Ariel - CRES,Parking Garage Income,2025-04,2025-04-01,0.0,Ariel,2025.0,April,False
Ariel - CRES,Utility Income,2025-04,2025-04-01,183.473,Ariel,2025.0,April,False
Ariel - CRES,Other - Income,2025-04,2025-04-01,1053.8570000000002,Ariel,2025.0,April,False
Ariel - CRES,Total Other Income,2025-04,2025-04-01,1237.3300000000002,Ariel,2025.0,April,False
Ariel - CRES,Net Eff. Gross Income,2025-04,2025-04-01,7989.439999999999,Ariel,2025.0,April,False
Ariel - CRES,General & Admin.,2025-04,2025-04-01,-354.558,Ariel,2025.0,April,True
Ariel - CRES,Management Fee,2025-04,2025-04-01,-223.87,Ariel,2025.0,April,True
Ariel - CRES,Payroll,2025-04,2025-04-01,-989.8539999999999,Ariel,2025.0,April,True
Ariel - CRES,Insurance,2025-04,2025-04-01,-325.5439999999999,Ariel,2025.0,April,True
Ariel - CRES,Property Taxes,2025-04,2025-04-01,-688.8879999999999,Ariel,2025.0,April,True
Ariel - CRES,Leasing & Marketing,2025-04,2025-04-01,-100.23400000000002,Ariel,2025.0,April,True
Ariel - CRES,Professional fees,2025-04,2025-04-01,0.0,Ariel,2025.0,April,False
Ariel - CRES,Landscaping,2025-04,2025-04-01,-74.663,Ariel,2025.0,April,True
Ariel - CRES,Security & Life Safety,2025-04,2025-04-01,-15.856,Ariel,2025.0,April,True
Ariel - CRES,Repairs & Maintenance,2025-04,2025-04-01,-595.9119999999999,Ariel,2025.0,April,True
Ariel - CRES,Unit T/O Refurbishment,2025-04,2025-04-01,-451.399,Ariel,2025.0,April,True
Ariel - CRES,Utilities,2025-04,2025-04-01,-522.541,Ariel,2025.0,April,True
Ariel - CRES,Trash Removal,2025-04,2025-04-01,-177.285,Ariel,2025.0,April,True
Ariel - CRES,Miscellaneous,2025-04,2025-04-01,0.0,Ariel,2025.0,April,False
Ariel - CRES,Other - Expense,2025-04,2025-04-01,0.0,Ariel,2025.0,April,False
Ariel - CRES,Total Expense,2025-04,2025-04-01,-4520.604,Ariel,2025.0,April,True
Ariel - CRES,EBITDA (NOI),2025-04,2025-04-01,3468.8359999999984,Ariel,2025.0,April,False
Ariel - CRES,Repl. Reserve Fund,2025-04,2025-04-01,-1228.4669999999999,Ariel,2025.0,April,True
Ariel - CRES,State Franchise Fee,2025-04,2025-04-01,0.0,Ariel,2025.0,April,False
Ariel - CRES,Partnership Professional Fees,2025-04,2025-04-01,-58.751000000000005,Ariel,2025.0,April,True
Ariel - CRES,Asset Management Fees,2025-04,2025-04-01,-159.76599999999996,Ariel,2025.0,April,True
Ariel - CRES,Debt Service,2025-04,2025-04-01,-5223.776,Ariel,2025.0,April,True
Ariel - CRES,Other - Below Line,2025-04,2025-04-01,0.0,Ariel,2025.0,April,False
Ariel - CRES,Total Below Line,2025-04,2025-04-01,-6670.759999999999,Ariel,2025.0,April,True
Ariel - CRES,Renovations,2025-04,2025-04-01,0.0,Ariel,2025.0,April,False
Ariel - CRES,Monthly Cash Flow,2025-04,2025-04-01,-3201.9240000000013,Ariel,2025.0,April,True
